<application>
  <component name="ProjectManager">
    <defaultProject>
      <component name="Encoding" addBOMForNewFiles="with NO BOM" />
      <component name="GradleLocalSettings">
        <option name="projectSyncType">
          <map>
            <entry key="D:/documents/HeigVd/Annee2/Deuxieme_Semestre/PRO/Tests2Play/play-java-starter-example" value="PREVIEW" />
            <entry key="D:/documents/HeigVd/Annee2/Deuxieme_Semestre/PRO/Tests2Play/play-java-starter-example/test_deployement" value="PREVIEW" />
            <entry key="D:/documents/HeigVd/Annee2/Deuxieme_Semestre/PRO/Tests2Play/pro_java_play" value="PREVIEW" />
            <entry key="D:/documents/HeigVd/Annee2/Deuxieme_Semestre/PRO/Tests2Play/pro_play_java" value="PREVIEW" />
            <entry key="D:/documents/HeigVd/Annee2/Deuxieme_Semestre/PRO/Tests2Play/test_deployement" value="PREVIEW" />
            <entry key="D:/documents/HeigVd/Annee2/Deuxieme_Semestre/PRO/testsAprèsCC/tests" value="PREVIEW" />
            <entry key="D:/documents/testPro/test/test" value="PREVIEW" />
          </map>
        </option>
      </component>
      <component name="PropertiesComponent">
        <property name="nodejs_interpreter_path.stuck_in_default_project" value="undefined stuck path" />
        <property name="nodejs_npm_path_reset_for_default_project" value="true" />
        <property name="settings.editor.selected.configurable" value="editor.preferences.gutterIcons" />
      </component>
      <component name="SbtLocalSettings">
        <option name="projectSyncType">
          <map>
            <entry key="D:/documents/HeigVd/Annee2/Deuxieme_Semestre/PRO/Tests2Play/play-java-hello-world-tutorial" value="PREVIEW" />
            <entry key="D:/documents/HeigVd/Annee2/Deuxieme_Semestre/PRO/Tests2Play/test" value="PREVIEW" />
          </map>
        </option>
      </component>
      <component name="ScalaSbtSettings">
        <option name="customVMEnabled" value="true" />
        <option name="customVMPath" value="C:/Program Files/Java/jdk1.8.0_161" />
      </component>
      <component name="masterDetails">
        <states>
          <state key="ProjectJDKs.UI">
            <settings>
              <last-edited>1.8</last-edited>
              <splitter-proportions>
                <option name="proportions">
                  <list>
                    <option value="0.2" />
                  </list>
                </option>
              </splitter-proportions>
            </settings>
          </state>
        </states>
      </component>
    </defaultProject>
  </component>
</application>